retrieved_date,image_url,image_encoding,count_rating,avg_rating
2020-07-02-21:57:12,https://preview.redd.it/wvbcqeae2h851.jpg?width=640&crop=smart&auto=webp&s=8ef3ab4ca23e281095813d21969a278a5f85b331,[-0.0470771   0.09208792  0.05365631 -0.10587159 -0.11367206  0.02673056
 -0.01153811 -0.10058511  0.28892487 -0.10393995  0.17305259 -0.01202595
 -0.25331905  0.09456764 -0.01770157  0.15335278 -0.14384983 -0.17635213
 -0.07530159 -0.03109935 -0.05621516  0.06879826 -0.04782305  0.06204887
 -0.11689325 -0.32271874 -0.02790774 -0.04556079 -0.00969475 -0.09497508
 -0.00233527  0.16188717 -0.17535114 -0.0118576   0.08683093  0.11341256
 -0.0496234  -0.07623526  0.28067535  0.08877108 -0.260515   -0.04539958
  0.06288658  0.33285889  0.19077547 -0.05467603 -0.01143363 -0.11143149
  0.20962338 -0.32732531  0.05464027  0.20538895  0.09039561  0.0753731
  0.11518077 -0.13741897  0.00865716  0.09350762 -0.17129584  0.06409898
  0.13623768 -0.10113515  0.0176224  -0.13930377  0.27324241  0.04435324
 -0.16041072 -0.04860233  0.14945558 -0.09724577 -0.10008714  0.03135918
 -0.13735554 -0.20666039 -0.33019215  0.03421125  0.39582577  0.16656959
 -0.1772413   0.08825325 -0.05694612 -0.06833528  0.03811673  0.19591051
 -0.01698629  0.02714886  0.00437291  0.06497593  0.28436419 -0.00910701
 -0.00223125  0.25988811 -0.03743758  0.03555366 -0.04492959  0.06285022
 -0.08777937 -0.07204179 -0.19634514 -0.00491342 -0.02590998  0.01364243
  0.034715    0.18946652 -0.25917387  0.15068063  0.01402527 -0.03333776
  0.01562834  0.00203292 -0.04487479 -0.06603128  0.14636454 -0.28771451
  0.16814142  0.09623848  0.0281088   0.10488424  0.01428983  0.02076325
  0.04308916 -0.03258187 -0.14065167 -0.07751539  0.0619839   0.01911954
  0.01274243  0.05425793],10,5.34
2020-07-02-21:57:18,https://preview.redd.it/aesnibd7ej851.jpg?width=640&crop=smart&auto=webp&s=d95fbcbffa187dc4b4070ee6f89f68bff3e787a2,[-0.15244353  0.09261835 -0.04191076 -0.06070696 -0.04033814 -0.01666475
 -0.01789344 -0.08511962  0.27509263 -0.0955454   0.18306805 -0.03181099
 -0.18298234 -0.06826621  0.01077946  0.13830647 -0.25222453 -0.16772422
 -0.00253726 -0.06658453  0.12371904 -0.00529337  0.02717336  0.15279834
 -0.22730923 -0.26582196 -0.08776209 -0.1656597  -0.06784849 -0.08384919
  0.05085583  0.08473162 -0.14809981  0.00670565  0.05839164  0.15948743
  0.04543115 -0.06633035  0.15148938 -0.00959233 -0.24232721 -0.09976606
  0.11269867  0.28772312  0.24969704 -0.01086932 -0.09623762 -0.01309484
  0.18821558 -0.28813517 -0.04182038  0.23198533  0.06318515  0.10355953
  0.10375988 -0.08967996  0.09646133  0.08801679 -0.2248031  -0.04737367
  0.04481727 -0.12326298  0.03067998 -0.08357804  0.22465102  0.09440833
 -0.21641341 -0.05616086  0.08347764 -0.1657677  -0.08216311  0.10880121
 -0.18876404 -0.28216398 -0.31302324  0.00774422  0.41532773  0.18645003
 -0.10241881  0.09298553 -0.03726293 -0.01410437 -0.0337714   0.19793254
 -0.0255098   0.05798209 -0.07923432  0.05784059  0.16162401 -0.01348
  0.00911066  0.23898226 -0.09300767 -0.01025324 -0.0059049   0.12014669
 -0.08766752 -0.0281106  -0.11885969 -0.00412264 -0.00949845 -0.06989469
 -0.01477972  0.06606057 -0.22077632  0.10656071  0.00132845 -0.05190967
 -0.1133076  -0.04162325 -0.05935993  0.04405488  0.12077951 -0.30178168
  0.18044621  0.15639707  0.00883155  0.19664058 -0.01198337  0.08343004
 -0.06357282 -0.07475818 -0.07034763 -0.09505349  0.00780192 -0.01517191
  0.0564941  -0.04712256],4,6.8125
2020-07-02-21:57:25,https://preview.redd.it/l2o5vkkf8k851.jpg?width=640&crop=smart&auto=webp&s=6f0f279f2ee32da5218946078c537a68dc579864,[-0.20604853  0.0780663   0.04100175 -0.0131156  -0.13990448  0.03556112
 -0.05607598 -0.00554942  0.16622712 -0.11976042  0.14886242  0.03327848
 -0.24164939  0.02608676  0.07650939  0.15169716 -0.18799745 -0.1652368
 -0.11762363 -0.08734603  0.02817246  0.09254238  0.06186827  0.07753641
 -0.2323985  -0.27849388  0.0240109  -0.08259042 -0.03332786 -0.02408527
  0.04362125  0.06832939 -0.1627029   0.04957146  0.05563558  0.1689935
  0.03678577 -0.05231424  0.21183626 -0.0523233  -0.30221474 -0.0157664
  0.06615889  0.21538508  0.24186333 -0.04376759  0.0098395  -0.02744922
  0.15728404 -0.37097794  0.06636146  0.19990645 -0.01278486  0.01838254
  0.14501974 -0.17463587 -0.01742268  0.21738216 -0.12702137  0.02549784
  0.03521346 -0.02878205  0.06849448 -0.09014653  0.23079029  0.0789917
 -0.17958745 -0.13076068  0.14452642 -0.11333562 -0.04605799  0.22750752
 -0.150125   -0.25306654 -0.2919268   0.06044494  0.40597004  0.14790156
 -0.10873871  0.08179431 -0.05780872 -0.01450662 -0.01566248  0.13220446
 -0.0035889  -0.02891076 -0.09442318  0.06518486  0.25893176  0.0600156
 -0.03460304  0.29953533  0.03749975 -0.08180951  0.02057487  0.14770472
 -0.0748444  -0.1150681  -0.14283645 -0.0444224   0.03685702 -0.07022402
 -0.0189084   0.11558665 -0.19536658  0.11129719 -0.10794575  0.02228685
 -0.05530104  0.00470445 -0.04092888  0.05083251  0.14414296 -0.29903254
  0.15813038  0.11765333 -0.01347783  0.16742627  0.03686766  0.07041498
 -0.0069841  -0.02340202 -0.12483658 -0.11184458  0.03393733 -0.03346884
  0.07379179  0.08828391],1,5.1
